Workbook

Sheet Лист1
A1: Максимальный показатель | B1: Сумма
A2: 0 | B2: 1
A3: 1 | B3: 3
A4: 2 | B4: 7
A5: 3 | B5: 15
A6: 4 | B6: 31
A7: 5 | B7: 63
A8: 6 | B8: 127
A9: 7 | B9: 255
A10: 8 | B10: 511
A11: 9 | B11: 1023
A12: 10 | B12: 2047
A13: 11 | B13: 4095
... A25: 23 | B25: 16777215

Sheet Лист2
A1: Максимальный показатель | B1: Сумма
A2: 0 | B2: 1
A3: 1 | B3: 4
A4: 2 | B4: 13
A5: 3 | B5: 40
A6: 4 | B6: 121
A7: 5 | B7: 364
A8: 6 | B8: 1093
A9: 7 | B9: 3280
A10: 8 | B10: 9841
A11: 9 | B11: 29524
A12: 10 | B12: 88573
A13: 11 | B13: 265720
... A25: 23 | B25: 141214768240

Sheet Лист3
A1: Максимальный показатель | B1: Сумма для 2 | C1: Сумма для 3
A2: 0 | B2: =VLOOKUP(A2, 'Лист1'!$A$1:$C$25, 2, FALSE) -> 1 | C2: =VLOOKUP(A2, 'Лист1'!$A$1:$C$25, 3, FALSE) -> 0
A3: 1 | B3: =VLOOKUP(A3, 'Лист1'!$A$1:$C$25, 2, FALSE) -> 3 | C3: =VLOOKUP(A3, 'Лист1'!$A$1:$C$25, 3, FALSE) -> 0
A4: 2 | B4: =VLOOKUP(A4, 'Лист1'!$A$1:$C$25, 2, FALSE) -> 7 | C4: =VLOOKUP(A4, 'Лист1'!$A$1:$C$25, 3, FALSE) -> 0
A5: 3 | B5: =VLOOKUP(A5, 'Лист1'!$A$1:$C$25, 2, FALSE) -> 15 | C5: =VLOOKUP(A5, 'Лист1'!$A$1:$C$25, 3, FALSE) -> 0
A6: 4 | B6: =VLOOKUP(A6, 'Лист1'!$A$1:$C$25, 2, FALSE) -> 31 | C6: =VLOOKUP(A6, 'Лист1'!$A$1:$C$25, 3, FALSE) -> 0
A7: 5 | B7: =VLOOKUP(A7, 'Лист1'!$A$1:$C$25, 2, FALSE) -> 63 | C7: =VLOOKUP(A7, 'Лист1'!$A$1:$C$25, 3, FALSE) -> 0
A8: 6 | B8: =VLOOKUP(A8, 'Лист1'!$A$1:$C$25, 2, FALSE) -> 127 | C8: =VLOOKUP(A8, 'Лист1'!$A$1:$C$25, 3, FALSE) -> 0
A9: 7 | B9: =VLOOKUP(A9, 'Лист1'!$A$1:$C$25, 2, FALSE) -> 255 | C9: =VLOOKUP(A9, 'Лист1'!$A$1:$C$25, 3, FALSE) -> 0
A10: 8 | B10: =VLOOKUP(A10, 'Лист1'!$A$1:$C$25, 2, FALSE) -> 511 | C10: =VLOOKUP(A10, 'Лист1'!$A$1:$C$25, 3, FALSE) -> 0
A11: 9 | B11: =VLOOKUP(A11, 'Лист1'!$A$1:$C$25, 2, FALSE) -> 1023 | C11: =VLOOKUP(A11, 'Лист1'!$A$1:$C$25, 3, FALSE) -> 0
A12: 10 | B12: =VLOOKUP(A12, 'Лист1'!$A$1:$C$25, 2, FALSE) -> 2047 | C12: =VLOOKUP(A12, 'Лист1'!$A$1:$C$25, 3, FALSE) -> 0
A13: 11 | B13: =VLOOKUP(A13, 'Лист1'!$A$1:$C$25, 2, FALSE) -> 4095 | C13: =VLOOKUP(A13, 'Лист1'!$A$1:$C$25, 3, FALSE) -> 0
... A25: 23 | B25: =VLOOKUP(A25, 'Лист1'!$A$1:$C$25, 2, FALSE) -> 16777215 | C25: =VLOOKUP(A25, 'Лист1'!$A$1:$C$25, 3, FALSE) -> 0

Sheet Лист4
A1: статистическая функция | B1: для A (лист 3) | C1: для B (лист 3) | D1: для C (лист 3)
A2: среднее значение | B2: =AVERAGE('Лист3'!A2:A25) -> 11.5 | C2: =AVERAGE('Лист3'!B2:B25) -> 1398100.2 | D2: =AVERAGE('Лист3'!C2:C25) -> 0
A3: максимальное значение | B3: =MAX('Лист3'!A2:A25) -> 23 | C3: =MAX('Лист3'!B2:B25) -> 16777215 | D3: =MAX('Лист3'!C2:C25) -> 0
A4: минимальное значение | B4: =MIN('Лист3'!A2:A25) -> 0 | C4: =MIN('Лист3'!B2:B25) -> 1 | D4: =MIN('Лист3'!C2:C25) -> 0
A5: медиана | B5: =MEDIAN('Лист3'!A2:A25) -> 11.5 | C5: =MEDIAN('Лист3'!B2:B25) -> 6143 | D5: =MEDIAN('Лист3'!C2:C25) -> 0
A6: мода | B6: =_XLFN.MODE.SNGL('Лист3'!A2:A25) -> #N/A | C6: =_XLFN.MODE.SNGL('Лист3'!B2:B25) -> #N/A | D6: =_XLFN.MODE.SNGL('Лист3'!C2:C25) -> 0
A7: дисперсия | B7: =ДИСПР.Г('Лист3'!A2:A25) -> #NAME? | C7: =ДИСПР.Г('Лист3'!B2:B25) -> #NAME? | D7: =ДИСПР.Г('Лист3'!C2:C25) -> #NAME?

Sheet Лист5
B1: 2021 | C1: 2022 | D1: 2023 | E1: 2024 | F1: 2025 | G1: 2026 | H1: 2027
A2: Кооледж 1 | B2: 1510000 | C2: 2236476 | D2: 1934765 | E2: 4543534 | F2: 2348887 | G2: 1170004 | H2: 2344598
A3: Кооледж 2 | B3: 237800 | C3: 732647 | D3: 567672 | E3: 234234 | F3: 323217 | G3: 634423 | H3: 235455
A4: Кооледж 3 | B4: 3211400 | C4: 4873837 | D4: 3654654 | E4: 3453453 | F4: 5435323 | G4: 4586959 | H4: 8576885
A5: Кооледж 4 | B5: 4961201 | C5: 7844962 | D5: 6159094 | E5: 8233225 | F5: 8109432 | G5: 6393392 | H5: 11158945
